Line Number,Original Code,Reason
1,"#include <stdio.h>
#include <stdlib.h>

int main() {
  int *ptr = (int*)malloc(10 * sizeof(int));
  ptr[10] = 5; // Buffer overflow
  free(ptr);
  return 0;
}","```c
#include <stdio.h>
#include <stdlib.h>

int main() {
  int *ptr = (int*)malloc(10 * sizeof(int));
  ptr[10] = 5; // Buffer overflow
  free(ptr);
  return 0;
}
```

**Analysis:**

*   **Buffer Overflow:** The code allocates memory for 10 integers (indices 0 to 9).  The line `ptr[10] = 5;` attempts to write to the 11th integer in the allocated block, which is outside the allocated memory region. This is a buffer overflow, and it leads to undefined behavior. It might corrupt other data on the heap, cause a crash, or introduce security vulnerabilities.

*   **No other issues present:** The code does correctly `free` the allocated memory, preventing a memory leak. The pointer is initialized using `malloc`.

**Explanation of Buffer Overflow:**

When `malloc(10 * sizeof(int))` is called, it allocates a contiguous block of memory that is large enough to hold 10 integers.  Array indexing in C is zero-based, meaning the valid indices for `ptr` in this case are 0 through 9.  Accessing `ptr[10]` tries to write to a memory location *after* the allocated block. This memory location might be used by other parts of the program, so writing to it can corrupt data or cause unpredictable behavior.
"
